/Users/Neel/Documents/SPOT/retinanet/labelled_images/1855747/img/1855747_1265829.jpg,195,1,202,170,edge_of_road
/Users/Neel/Documents/SPOT/retinanet/labelled_images/1855746/img/1855746_1265913.jpg,12,73,23,256,edge_of_road
/Users/Neel/Documents/SPOT/retinanet/labelled_images/1855746/img/1855746_1265940.jpg,121,0,124,72,edge_of_road
/Users/Neel/Documents/SPOT/retinanet/labelled_images/1855744/img/1855744_1265889.jpg,168,211,169,254,Driveway
/Users/Neel/Documents/SPOT/retinanet/labelled_images/1855745/img/1855745_1265964.jpg,79,229,236,236,edge_of_road
/Users/Neel/Documents/SPOT/retinanet/labelled_images/1855747/img/1855747_1265931.jpg,30,1,31,43,edge_of_road
/Users/Neel/Documents/SPOT/retinanet/labelled_images/1855745/img/1855745_1265972.jpg,226,106,239,116,edge_of_road
/Users/Neel/Documents/SPOT/retinanet/labelled_images/1855745/img/1855745_1265894.jpg,26,225,43,235,edge_of_road
/Users/Neel/Documents/SPOT/retinanet/labelled_images/1855744/img/1855744_1265830.jpg,225,226,226,249,edge_of_road
/Users/Neel/Documents/SPOT/retinanet/labelled_images/1855744/img/1855744_1265891.jpg,50,138,56,217,Driveway
/Users/Neel/Documents/SPOT/retinanet/labelled_images/1855746/img/1855746_1265866.jpg,184,0,229,75,offstreet_parking_bays
/Users/Neel/Documents/SPOT/retinanet/labelled_images/1855744/img/1855744_1265820.jpg,55,92,68,253,edge_of_road
/Users/Neel/Documents/SPOT/retinanet/labelled_images/1855745/img/1855745_1265866.jpg,174,1,230,93,offstreet_parking_bays
/Users/Neel/Documents/SPOT/retinanet/labelled_images/1855744/img/1855744_1265829.jpg,38,2,41,72,edge_of_road
/Users/Neel/Documents/SPOT/retinanet/labelled_images/1855744/img/1855744_1265833.jpg,117,225,118,254,edge_of_road
/Users/Neel/Documents/SPOT/retinanet/labelled_images/1855746/img/1855746_1265940.jpg,9,2,13,115,edge_of_road
/Users/Neel/Documents/SPOT/retinanet/labelled_images/1855747/img/1855747_1265809.jpg,45,77,253,86,edge_of_road
/Users/Neel/Documents/SPOT/retinanet/labelled_images/1855747/img/1855747_1265795.jpg,192,48,255,51,offstreet_parking_bays
/Users/Neel/Documents/SPOT/retinanet/labelled_images/1855744/img/1855744_1265908.jpg,74,1,253,13,edge_of_road
/Users/Neel/Documents/SPOT/retinanet/labelled_images/1855744/img/1855744_1265889.jpg,17,0,19,61,edge_of_road
/Users/Neel/Documents/SPOT/retinanet/labelled_images/1855746/img/1855746_1265981.jpg,98,245,108,255,edge_of_road
/Users/Neel/Documents/SPOT/retinanet/labelled_images/1855744/img/1855744_1265834.jpg,117,2,119,35,Driveway
/Users/Neel/Documents/SPOT/retinanet/labelled_images/1855747/img/1855747_1265793.jpg,234,54,255,55,edge_of_road
/Users/Neel/Documents/SPOT/retinanet/labelled_images/1855745/img/1855745_1265859.jpg,0,232,27,256,offstreet_parking_bays
/Users/Neel/Documents/SPOT/retinanet/labelled_images/1855745/img/1855745_1265935.jpg,75,214,254,219,edge_of_road
/Users/Neel/Documents/SPOT/retinanet/labelled_images/1855745/img/1855745_1265897.jpg,27,2,37,174,edge_of_road
/Users/Neel/Documents/SPOT/retinanet/labelled_images/1855744/img/1855744_1265804.jpg,122,71,126,150,offstreet_parking_bays
/Users/Neel/Documents/SPOT/retinanet/labelled_images/1855745/img/1855745_1265904.jpg,141,150,146,221,Driveway
/Users/Neel/Documents/SPOT/retinanet/labelled_images/1855747/img/1855747_1265935.jpg,67,0,72,23,edge_of_road
/Users/Neel/Documents/SPOT/retinanet/labelled_images/1855745/img/1855745_1265835.jpg,64,32,158,38,edge_of_road
/Users/Neel/Documents/SPOT/retinanet/labelled_images/1855747/img/1855747_1265936.jpg,1,116,115,121,edge_of_road
/Users/Neel/Documents/SPOT/retinanet/labelled_images/1855745/img/1855745_1265866.jpg,23,6,72,105,offstreet_parking_bays
/Users/Neel/Documents/SPOT/retinanet/labelled_images/1855747/img/1855747_1265838.jpg,41,92,98,145,offstreet_parking_bays
/Users/Neel/Documents/SPOT/retinanet/labelled_images/1855746/img/1855746_1265921.jpg,204,151,254,153,edge_of_road
/Users/Neel/Documents/SPOT/retinanet/labelled_images/1855746/img/1855746_1265935.jpg,106,69,159,96,edge_of_road
/Users/Neel/Documents/SPOT/retinanet/labelled_images/1855746/img/1855746_1265828.jpg,216,5,255,7,Driveway
/Users/Neel/Documents/SPOT/retinanet/labelled_images/1855744/img/1855744_1265859.jpg,32,200,94,255,offstreet_parking_bays
/Users/Neel/Documents/SPOT/retinanet/labelled_images/1855746/img/1855746_1265946.jpg,94,69,104,254,edge_of_road
/Users/Neel/Documents/SPOT/retinanet/labelled_images/1855744/img/1855744_1265823.jpg,109,179,116,253,edge_of_road
/Users/Neel/Documents/SPOT/retinanet/labelled_images/1855746/img/1855746_1265941.jpg,139,115,147,254,edge_of_road
/Users/Neel/Documents/SPOT/retinanet/labelled_images/1855746/img/1855746_1265858.jpg,27,138,33,228,offstreet_parking_bays
/Users/Neel/Documents/SPOT/retinanet/labelled_images/1855746/img/1855746_1265858.jpg,64,136,73,223,offstreet_parking_bays
/Users/Neel/Documents/SPOT/retinanet/labelled_images/1855745/img/1855745_1265858.jpg,161,150,165,212,offstreet_parking_bays
/Users/Neel/Documents/SPOT/retinanet/labelled_images/1855746/img/1855746_1265917.jpg,74,0,75,31,edge_of_road
/Users/Neel/Documents/SPOT/retinanet/labelled_images/1855747/img/1855747_1265812.jpg,81,223,98,256,edge_of_road
/Users/Neel/Documents/SPOT/retinanet/labelled_images/1855747/img/1855747_1265953.jpg,49,31,61,255,edge_of_road
/Users/Neel/Documents/SPOT/retinanet/labelled_images/1855746/img/1855746_1265956.jpg,236,52,238,128,Driveway
/Users/Neel/Documents/SPOT/retinanet/labelled_images/1855745/img/1855745_1265972.jpg,195,157,202,182,edge_of_road
/Users/Neel/Documents/SPOT/retinanet/labelled_images/1855745/img/1855745_1265965.jpg,1,77,54,79,Driveway
/Users/Neel/Documents/SPOT/retinanet/labelled_images/1855747/img/1855747_1265965.jpg,0,91,67,135,edge_of_road
/Users/Neel/Documents/SPOT/retinanet/labelled_images/1855745/img/1855745_1265858.jpg,244,145,247,207,offstreet_parking_bays
/Users/Neel/Documents/SPOT/retinanet/labelled_images/1855744/img/1855744_1265799.jpg,22,145,88,149,Driveway
/Users/Neel/Documents/SPOT/retinanet/labelled_images/1855747/img/1855747_1265794.jpg,187,219,254,224,offstreet_parking_bays
/Users/Neel/Documents/SPOT/retinanet/labelled_images/1855745/img/1855745_1265975.jpg,230,2,232,32,edge_of_road
/Users/Neel/Documents/SPOT/retinanet/labelled_images/1855745/img/1855745_1265932.jpg,148,136,209,140,offstreet_parking_bays
/Users/Neel/Documents/SPOT/retinanet/labelled_images/1855744/img/1855744_1265794.jpg,1,60,68,62,offstreet_parking_bays
/Users/Neel/Documents/SPOT/retinanet/labelled_images/1855744/img/1855744_1265805.jpg,148,144,152,211,offstreet_parking_bays
/Users/Neel/Documents/SPOT/retinanet/labelled_images/1855747/img/1855747_1265961.jpg,190,119,255,122,edge_of_road
/Users/Neel/Documents/SPOT/retinanet/labelled_images/1855745/img/1855745_1265973.jpg,199,0,214,238,edge_of_road
/Users/Neel/Documents/SPOT/retinanet/labelled_images/1855746/img/1855746_1265936.jpg,164,129,204,133,edge_of_road
/Users/Neel/Documents/SPOT/retinanet/labelled_images/1855744/img/1855744_1265890.jpg,33,1,39,62,edge_of_road
/Users/Neel/Documents/SPOT/retinanet/labelled_images/1855746/img/1855746_1265920.jpg,120,1,130,188,edge_of_road
/Users/Neel/Documents/SPOT/retinanet/labelled_images/1855744/img/1855744_1265865.jpg,227,76,232,164,offstreet_parking_bays
/Users/Neel/Documents/SPOT/retinanet/labelled_images/1855746/img/1855746_1265859.jpg,164,71,168,156,offstreet_parking_bays
/Users/Neel/Documents/SPOT/retinanet/labelled_images/1855745/img/1855745_1265908.jpg,40,164,55,194,Driveway
/Users/Neel/Documents/SPOT/retinanet/labelled_images/1855746/img/1855746_1265859.jpg,0,181,72,246,offstreet_parking_bays
/Users/Neel/Documents/SPOT/retinanet/labelled_images/1855744/img/1855744_1265896.jpg,120,0,136,255,edge_of_road
/Users/Neel/Documents/SPOT/retinanet/labelled_images/1855745/img/1855745_1265898.jpg,55,195,59,250,Driveway
/Users/Neel/Documents/SPOT/retinanet/labelled_images/1855744/img/1855744_1265894.jpg,0,99,40,100,edge_of_road
/Users/Neel/Documents/SPOT/retinanet/labelled_images/1855747/img/1855747_1265959.jpg,28,177,32,253,Driveway
/Users/Neel/Documents/SPOT/retinanet/labelled_images/1855745/img/1855745_1265906.jpg,8,0,23,254,edge_of_road
/Users/Neel/Documents/SPOT/retinanet/labelled_images/1855747/img/1855747_1265868.jpg,59,122,135,126,offstreet_parking_bays
/Users/Neel/Documents/SPOT/retinanet/labelled_images/1855745/img/1855745_1265921.jpg,227,139,236,157,edge_of_road
/Users/Neel/Documents/SPOT/retinanet/labelled_images/1855746/img/1855746_1265880.jpg,1,144,58,146,edge_of_road
/Users/Neel/Documents/SPOT/retinanet/labelled_images/1855747/img/1855747_1265865.jpg,129,227,145,254,offstreet_parking_bays
/Users/Neel/Documents/SPOT/retinanet/labelled_images/1855747/img/1855747_1265959.jpg,22,4,30,171,edge_of_road
/Users/Neel/Documents/SPOT/retinanet/labelled_images/1855744/img/1855744_1265894.jpg,67,72,86,88,Driveway
/Users/Neel/Documents/SPOT/retinanet/labelled_images/1855744/img/1855744_1265859.jpg,104,106,110,192,offstreet_parking_bays
/Users/Neel/Documents/SPOT/retinanet/labelled_images/1855746/img/1855746_1265859.jpg,81,75,87,163,offstreet_parking_bays
/Users/Neel/Documents/SPOT/retinanet/labelled_images/1855747/img/1855747_1265794.jpg,184,175,256,179,offstreet_parking_bays
/Users/Neel/Documents/SPOT/retinanet/labelled_images/1855745/img/1855745_1265867.jpg,1,104,255,121,edge_of_road
/Users/Neel/Documents/SPOT/retinanet/labelled_images/1855746/img/1855746_1265945.jpg,192,1,193,20,edge_of_road
/Users/Neel/Documents/SPOT/retinanet/labelled_images/1855746/img/1855746_1265865.jpg,179,240,188,255,offstreet_parking_bays
/Users/Neel/Documents/SPOT/retinanet/labelled_images/1855747/img/1855747_1265880.jpg,26,115,206,126,edge_of_road
/Users/Neel/Documents/SPOT/retinanet/labelled_images/1855744/img/1855744_1265799.jpg,90,133,255,145,edge_of_road
/Users/Neel/Documents/SPOT/retinanet/labelled_images/1855746/img/1855746_1265827.jpg,240,100,255,101,Driveway
/Users/Neel/Documents/SPOT/retinanet/labelled_images/1855747/img/1855747_1265842.jpg,235,208,251,212,offstreet_parking_bays
/Users/Neel/Documents/SPOT/retinanet/labelled_images/1855746/img/1855746_1265957.jpg,246,0,256,179,edge_of_road
/Users/Neel/Documents/SPOT/retinanet/labelled_images/1855745/img/1855745_1265907.jpg,16,234,32,251,Driveway
/Users/Neel/Documents/SPOT/retinanet/labelled_images/1855746/img/1855746_1265866.jpg,131,0,179,81,offstreet_parking_bays
/Users/Neel/Documents/SPOT/retinanet/labelled_images/1855746/img/1855746_1265950.jpg,161,174,162,217,Driveway
/Users/Neel/Documents/SPOT/retinanet/labelled_images/1855746/img/1855746_1265865.jpg,76,246,82,256,offstreet_parking_bays
/Users/Neel/Documents/SPOT/retinanet/labelled_images/1855744/img/1855744_1265880.jpg,144,157,255,162,edge_of_road
/Users/Neel/Documents/SPOT/retinanet/labelled_images/1855746/img/1855746_1265949.jpg,134,0,139,53,Driveway
/Users/Neel/Documents/SPOT/retinanet/labelled_images/1855745/img/1855745_1265861.jpg,124,1,133,14,offstreet_parking_bays
/Users/Neel/Documents/SPOT/retinanet/labelled_images/1855746/img/1855746_1265939.jpg,104,1,120,255,edge_of_road
/Users/Neel/Documents/SPOT/retinanet/labelled_images/1855745/img/1855745_1265975.jpg,233,32,239,96,Driveway
/Users/Neel/Documents/SPOT/retinanet/labelled_images/1855746/img/1855746_1265866.jpg,80,1,126,82,offstreet_parking_bays
/Users/Neel/Documents/SPOT/retinanet/labelled_images/1855745/img/1855745_1265910.jpg,85,161,90,255,edge_of_road
/Users/Neel/Documents/SPOT/retinanet/labelled_images/1855746/img/1855746_1265935.jpg,2,98,101,105,edge_of_road
/Users/Neel/Documents/SPOT/retinanet/labelled_images/1855747/img/1855747_1265958.jpg,15,192,19,255,edge_of_road
/Users/Neel/Documents/SPOT/retinanet/labelled_images/1855745/img/1855745_1265922.jpg,150,67,199,69,edge_of_road
/Users/Neel/Documents/SPOT/retinanet/labelled_images/1855745/img/1855745_1265809.jpg,38,110,163,118,Driveway
/Users/Neel/Documents/SPOT/retinanet/labelled_images/1855744/img/1855744_1265861.jpg,246,2,256,22,offstreet_parking_bays
/Users/Neel/Documents/SPOT/retinanet/labelled_images/1855745/img/1855745_1265900.jpg,73,1,83,174,edge_of_road
/Users/Neel/Documents/SPOT/retinanet/labelled_images/1855744/img/1855744_1265982.jpg,0,66,161,84,edge_of_road
/Users/Neel/Documents/SPOT/retinanet/labelled_images/1855744/img/1855744_1265900.jpg,174,3,177,60,Driveway
/Users/Neel/Documents/SPOT/retinanet/labelled_images/1855746/img/1855746_1265809.jpg,177,89,255,93,Driveway
/Users/Neel/Documents/SPOT/retinanet/labelled_images/1855747/img/1855747_1265794.jpg,0,69,56,71,offstreet_parking_bays
/Users/Neel/Documents/SPOT/retinanet/labelled_images/1855745/img/1855745_1265914.jpg,138,3,139,87,edge_of_road
/Users/Neel/Documents/SPOT/retinanet/labelled_images/1855746/img/1855746_1265983.jpg,246,46,255,205,edge_of_road
/Users/Neel/Documents/SPOT/retinanet/labelled_images/1855745/img/1855745_1265799.jpg,103,125,155,128,edge_of_road
/Users/Neel/Documents/SPOT/retinanet/labelled_images/1855746/img/1855746_1265945.jpg,79,0,80,32,Driveway
/Users/Neel/Documents/SPOT/retinanet/labelled_images/1855744/img/1855744_1265818.jpg,26,22,32,184,edge_of_road
/Users/Neel/Documents/SPOT/retinanet/labelled_images/1855747/img/1855747_1265867.jpg,125,75,255,83,Driveway
/Users/Neel/Documents/SPOT/retinanet/labelled_images/1855746/img/1855746_1265948.jpg,119,1,130,193,edge_of_road
/Users/Neel/Documents/SPOT/retinanet/labelled_images/1855744/img/1855744_1265890.jpg,43,130,50,252,edge_of_road
/Users/Neel/Documents/SPOT/retinanet/labelled_images/1855747/img/1855747_1265833.jpg,170,48,253,54,offstreet_parking_bays
/Users/Neel/Documents/SPOT/retinanet/labelled_images/1855747/img/1855747_1265865.jpg,241,143,255,144,offstreet_parking_bays
/Users/Neel/Documents/SPOT/retinanet/labelled_images/1855744/img/1855744_1265860.jpg,0,198,44,254,offstreet_parking_bays
/Users/Neel/Documents/SPOT/retinanet/labelled_images/1855744/img/1855744_1265865.jpg,16,89,22,176,offstreet_parking_bays
/Users/Neel/Documents/SPOT/retinanet/labelled_images/1855745/img/1855745_1265907.jpg,25,0,40,204,edge_of_road
/Users/Neel/Documents/SPOT/retinanet/labelled_images/1855747/img/1855747_1265950.jpg,20,227,23,255,Driveway
/Users/Neel/Documents/SPOT/retinanet/labelled_images/1855745/img/1855745_1265972.jpg,203,118,225,154,Driveway
/Users/Neel/Documents/SPOT/retinanet/labelled_images/1855744/img/1855744_1265834.jpg,35,143,56,150,edge_of_road
/Users/Neel/Documents/SPOT/retinanet/labelled_images/1855745/img/1855745_1265910.jpg,224,2,233,138,edge_of_road
/Users/Neel/Documents/SPOT/retinanet/labelled_images/1855745/img/1855745_1265918.jpg,204,140,210,252,edge_of_road
/Users/Neel/Documents/SPOT/retinanet/labelled_images/1855744/img/1855744_1265828.jpg,183,102,193,131,edge_of_road
/Users/Neel/Documents/SPOT/retinanet/labelled_images/1855744/img/1855744_1265866.jpg,181,13,224,107,offstreet_parking_bays
/Users/Neel/Documents/SPOT/retinanet/labelled_images/1855744/img/1855744_1265866.jpg,82,17,120,115,offstreet_parking_bays
/Users/Neel/Documents/SPOT/retinanet/labelled_images/1855745/img/1855745_1265909.jpg,210,0,226,256,edge_of_road
/Users/Neel/Documents/SPOT/retinanet/labelled_images/1855744/img/1855744_1265972.jpg,46,124,222,140,edge_of_road
/Users/Neel/Documents/SPOT/retinanet/labelled_images/1855744/img/1855744_1265908.jpg,236,147,255,149,Driveway
/Users/Neel/Documents/SPOT/retinanet/labelled_images/1855744/img/1855744_1265899.jpg,169,196,172,256,Driveway
/Users/Neel/Documents/SPOT/retinanet/labelled_images/1855744/img/1855744_1265891.jpg,188,54,191,127,Driveway
/Users/Neel/Documents/SPOT/retinanet/labelled_images/1855746/img/1855746_1265956.jpg,241,200,245,255,Driveway
/Users/Neel/Documents/SPOT/retinanet/labelled_images/1855747/img/1855747_1265866.jpg,38,2,75,67,offstreet_parking_bays
/Users/Neel/Documents/SPOT/retinanet/labelled_images/1855746/img/1855746_1265916.jpg,63,79,67,147,Driveway
/Users/Neel/Documents/SPOT/retinanet/labelled_images/1855745/img/1855745_1265897.jpg,37,180,40,241,Driveway
/Users/Neel/Documents/SPOT/retinanet/labelled_images/1855747/img/1855747_1265794.jpg,174,6,253,11,offstreet_parking_bays
/Users/Neel/Documents/SPOT/retinanet/labelled_images/1855745/img/1855745_1265881.jpg,1,40,80,42,edge_of_road
/Users/Neel/Documents/SPOT/retinanet/labelled_images/1855746/img/1855746_1265865.jpg,25,250,28,255,offstreet_parking_bays
/Users/Neel/Documents/SPOT/retinanet/labelled_images/1855746/img/1855746_1265954.jpg,202,0,204,25,Driveway
/Users/Neel/Documents/SPOT/retinanet/labelled_images/1855746/img/1855746_1265859.jpg,40,78,46,163,offstreet_parking_bays
/Users/Neel/Documents/SPOT/retinanet/labelled_images/1855745/img/1855745_1265982.jpg,4,49,152,65,edge_of_road
/Users/Neel/Documents/SPOT/retinanet/labelled_images/1855744/img/1855744_1265893.jpg,215,1,238,255,edge_of_road
/Users/Neel/Documents/SPOT/retinanet/labelled_images/1855744/img/1855744_1265818.jpg,24,1,26,19,Driveway
/Users/Neel/Documents/SPOT/retinanet/labelled_images/1855747/img/1855747_1265868.jpg,239,66,252,255,offstreet_parking_bays
/Users/Neel/Documents/SPOT/retinanet/labelled_images/1855745/img/1855745_1265916.jpg,166,0,169,66,edge_of_road
/Users/Neel/Documents/SPOT/retinanet/labelled_images/1855745/img/1855745_1265866.jpg,71,3,127,99,offstreet_parking_bays
/Users/Neel/Documents/SPOT/retinanet/labelled_images/1855745/img/1855745_1265981.jpg,200,212,206,235,edge_of_road
/Users/Neel/Documents/SPOT/retinanet/labelled_images/1855745/img/1855745_1265809.jpg,1,120,34,122,edge_of_road
/Users/Neel/Documents/SPOT/retinanet/labelled_images/1855745/img/1855745_1265834.jpg,26,35,47,78,edge_of_road
/Users/Neel/Documents/SPOT/retinanet/labelled_images/1855746/img/1855746_1265933.jpg,76,1,77,59,edge_of_road
/Users/Neel/Documents/SPOT/retinanet/labelled_images/1855745/img/1855745_1265908.jpg,224,139,254,160,Driveway
/Users/Neel/Documents/SPOT/retinanet/labelled_images/1855744/img/1855744_1265895.jpg,103,19,106,43,Driveway
/Users/Neel/Documents/SPOT/retinanet/labelled_images/1855746/img/1855746_1265924.jpg,28,0,49,256,edge_of_road
/Users/Neel/Documents/SPOT/retinanet/labelled_images/1855744/img/1855744_1265860.jpg,128,86,245,254,offstreet_parking_bays
/Users/Neel/Documents/SPOT/retinanet/labelled_images/1855745/img/1855745_1265917.jpg,188,143,192,255,edge_of_road
/Users/Neel/Documents/SPOT/retinanet/labelled_images/1855745/img/1855745_1265919.jpg,215,2,218,60,edge_of_road
/Users/Neel/Documents/SPOT/retinanet/labelled_images/1855744/img/1855744_1265822.jpg,89,92,100,255,edge_of_road
/Users/Neel/Documents/SPOT/retinanet/labelled_images/1855745/img/1855745_1265894.jpg,47,223,104,224,Driveway
/Users/Neel/Documents/SPOT/retinanet/labelled_images/1855747/img/1855747_1265957.jpg,116,190,120,252,edge_of_road
/Users/Neel/Documents/SPOT/retinanet/labelled_images/1855744/img/1855744_1265827.jpg,213,97,254,121,Driveway
/Users/Neel/Documents/SPOT/retinanet/labelled_images/1855747/img/1855747_1265958.jpg,117,1,126,118,edge_of_road
/Users/Neel/Documents/SPOT/retinanet/labelled_images/1855746/img/1855746_1265935.jpg,191,1,201,30,edge_of_road
/Users/Neel/Documents/SPOT/retinanet/labelled_images/1855744/img/1855744_1265880.jpg,37,150,52,165,Driveway
/Users/Neel/Documents/SPOT/retinanet/labelled_images/1855744/img/1855744_1265894.jpg,93,0,94,32,edge_of_road
/Users/Neel/Documents/SPOT/retinanet/labelled_images/1855746/img/1855746_1265918.jpg,86,0,91,98,edge_of_road
/Users/Neel/Documents/SPOT/retinanet/labelled_images/1855747/img/1855747_1265958.jpg,3,0,9,130,edge_of_road
/Users/Neel/Documents/SPOT/retinanet/labelled_images/1855746/img/1855746_1265943.jpg,162,26,167,83,Driveway
/Users/Neel/Documents/SPOT/retinanet/labelled_images/1855745/img/1855745_1265827.jpg,229,120,255,122,Driveway
/Users/Neel/Documents/SPOT/retinanet/labelled_images/1855745/img/1855745_1265859.jpg,214,82,221,169,offstreet_parking_bays
/Users/Neel/Documents/SPOT/retinanet/labelled_images/1855746/img/1855746_1265953.jpg,199,156,203,206,Driveway
/Users/Neel/Documents/SPOT/retinanet/labelled_images/1855747/img/1855747_1265867.jpg,69,167,72,251,offstreet_parking_bays
/Users/Neel/Documents/SPOT/retinanet/labelled_images/1855745/img/1855745_1265911.jpg,89,0,238,2,edge_of_road
/Users/Neel/Documents/SPOT/retinanet/labelled_images/1855745/img/1855745_1265933.jpg,164,91,235,98,offstreet_parking_bays
/Users/Neel/Documents/SPOT/retinanet/labelled_images/1855745/img/1855745_1265912.jpg,109,116,112,178,Driveway
/Users/Neel/Documents/SPOT/retinanet/labelled_images/1855747/img/1855747_1265858.jpg,15,131,21,215,offstreet_parking_bays
/Users/Neel/Documents/SPOT/retinanet/labelled_images/1855744/img/1855744_1265894.jpg,240,48,241,66,Driveway
/Users/Neel/Documents/SPOT/retinanet/labelled_images/1855745/img/1855745_1265894.jpg,108,213,256,221,edge_of_road
/Users/Neel/Documents/SPOT/retinanet/labelled_images/1855747/img/1855747_1265955.jpg,87,200,91,256,edge_of_road
/Users/Neel/Documents/SPOT/retinanet/labelled_images/1855745/img/1855745_1265880.jpg,76,151,138,153,Driveway
/Users/Neel/Documents/SPOT/retinanet/labelled_images/1855747/img/1855747_1265865.jpg,78,230,91,254,offstreet_parking_bays
/Users/Neel/Documents/SPOT/retinanet/labelled_images/1855746/img/1855746_1265957.jpg,254,183,256,221,Driveway
/Users/Neel/Documents/SPOT/retinanet/labelled_images/1855746/img/1855746_1265978.jpg,33,198,37,255,edge_of_road
/Users/Neel/Documents/SPOT/retinanet/labelled_images/1855747/img/1855747_1265795.jpg,195,89,254,93,offstreet_parking_bays
/Users/Neel/Documents/SPOT/retinanet/labelled_images/1855744/img/1855744_1265805.jpg,8,21,15,109,offstreet_parking_bays
/Users/Neel/Documents/SPOT/retinanet/labelled_images/1855745/img/1855745_1265918.jpg,198,63,203,138,Driveway
/Users/Neel/Documents/SPOT/retinanet/labelled_images/1855746/img/1855746_1265972.jpg,33,77,253,87,edge_of_road
/Users/Neel/Documents/SPOT/retinanet/labelled_images/1855747/img/1855747_1265799.jpg,100,89,177,93,Driveway
/Users/Neel/Documents/SPOT/retinanet/labelled_images/1855745/img/1855745_1265972.jpg,1,124,26,142,edge_of_road
/Users/Neel/Documents/SPOT/retinanet/labelled_images/1855745/img/1855745_1265922.jpg,2,72,82,77,edge_of_road
/Users/Neel/Documents/SPOT/retinanet/labelled_images/1855746/img/1855746_1265793.jpg,53,62,255,75,edge_of_road
/Users/Neel/Documents/SPOT/retinanet/labelled_images/1855747/img/1855747_1265832.jpg,42,3,56,254,edge_of_road
/Users/Neel/Documents/SPOT/retinanet/labelled_images/1855746/img/1855746_1265869.jpg,148,41,241,43,offstreet_parking_bays
/Users/Neel/Documents/SPOT/retinanet/labelled_images/1855744/img/1855744_1265809.jpg,0,121,256,136,edge_of_road
/Users/Neel/Documents/SPOT/retinanet/labelled_images/1855745/img/1855745_1265827.jpg,23,123,222,137,edge_of_road
/Users/Neel/Documents/SPOT/retinanet/labelled_images/1855746/img/1855746_1265914.jpg,27,98,33,159,Driveway
/Users/Neel/Documents/SPOT/retinanet/labelled_images/1855746/img/1855746_1265948.jpg,129,194,135,253,Driveway
/Users/Neel/Documents/SPOT/retinanet/labelled_images/1855744/img/1855744_1265890.jpg,35,65,40,125,Driveway
/Users/Neel/Documents/SPOT/retinanet/labelled_images/1855745/img/1855745_1265834.jpg,24,1,26,30,Driveway
/Users/Neel/Documents/SPOT/retinanet/labelled_images/1855744/img/1855744_1265794.jpg,200,56,253,58,offstreet_parking_bays
/Users/Neel/Documents/SPOT/retinanet/labelled_images/1855744/img/1855744_1265861.jpg,110,0,136,31,offstreet_parking_bays
/Users/Neel/Documents/SPOT/retinanet/labelled_images/1855746/img/1855746_1265938.jpg,96,199,100,253,edge_of_road
/Users/Neel/Documents/SPOT/retinanet/labelled_images/1855745/img/1855745_1265933.jpg,159,10,230,15,offstreet_parking_bays
/Users/Neel/Documents/SPOT/retinanet/labelled_images/1855744/img/1855744_1265831.jpg,70,132,80,250,Driveway
/Users/Neel/Documents/SPOT/retinanet/labelled_images/1855747/img/1855747_1265859.jpg,86,67,91,142,offstreet_parking_bays
/Users/Neel/Documents/SPOT/retinanet/labelled_images/1855747/img/1855747_1265865.jpg,181,223,198,254,offstreet_parking_bays
/Users/Neel/Documents/SPOT/retinanet/labelled_images/1855744/img/1855744_1265828.jpg,180,133,181,171,edge_of_road
/Users/Neel/Documents/SPOT/retinanet/labelled_images/1855745/img/1855745_1265834.jpg,50,81,88,111,edge_of_road
/Users/Neel/Documents/SPOT/retinanet/labelled_images/1855744/img/1855744_1265894.jpg,52,234,69,236,Driveway
/Users/Neel/Documents/SPOT/retinanet/labelled_images/1855746/img/1855746_1265941.jpg,134,53,140,113,Driveway
/Users/Neel/Documents/SPOT/retinanet/labelled_images/1855747/img/1855747_1265834.jpg,0,100,60,104,edge_of_road
/Users/Neel/Documents/SPOT/retinanet/labelled_images/1855746/img/1855746_1265919.jpg,103,1,114,187,edge_of_road
/Users/Neel/Documents/SPOT/retinanet/labelled_images/1855747/img/1855747_1265965.jpg,85,163,128,234,Driveway
/Users/Neel/Documents/SPOT/retinanet/labelled_images/1855746/img/1855746_1265943.jpg,2,94,23,98,edge_of_road
/Users/Neel/Documents/SPOT/retinanet/labelled_images/1855747/img/1855747_1265833.jpg,177,134,252,139,offstreet_parking_bays
/Users/Neel/Documents/SPOT/retinanet/labelled_images/1855744/img/1855744_1265891.jpg,58,222,61,254,edge_of_road
/Users/Neel/Documents/SPOT/retinanet/labelled_images/1855745/img/1855745_1265861.jpg,199,6,255,9,offstreet_parking_bays
/Users/Neel/Documents/SPOT/retinanet/labelled_images/1855746/img/1855746_1265948.jpg,239,64,248,252,edge_of_road
/Users/Neel/Documents/SPOT/retinanet/labelled_images/1855746/img/1855746_1265950.jpg,164,222,165,255,edge_of_road
/Users/Neel/Documents/SPOT/retinanet/labelled_images/1855746/img/1855746_1265799.jpg,170,108,202,109,edge_of_road
/Users/Neel/Documents/SPOT/retinanet/labelled_images/1855745/img/1855745_1265922.jpg,86,70,145,75,Driveway
/Users/Neel/Documents/SPOT/retinanet/labelled_images/1855746/img/1855746_1265859.jpg,0,84,6,168,offstreet_parking_bays
/Users/Neel/Documents/SPOT/retinanet/labelled_images/1855746/img/1855746_1265947.jpg,117,187,121,253,Driveway
/Users/Neel/Documents/SPOT/retinanet/labelled_images/1855746/img/1855746_1265924.jpg,177,1,193,255,edge_of_road
/Users/Neel/Documents/SPOT/retinanet/labelled_images/1855746/img/1855746_1265937.jpg,80,3,97,254,edge_of_road
/Users/Neel/Documents/SPOT/retinanet/labelled_images/1855747/img/1855747_1265845.jpg,0,153,128,200,edge_of_road
/Users/Neel/Documents/SPOT/retinanet/labelled_images/1855746/img/1855746_1265799.jpg,54,114,87,117,edge_of_road
/Users/Neel/Documents/SPOT/retinanet/labelled_images/1855744/img/1855744_1265859.jpg,23,109,27,195,offstreet_parking_bays
/Users/Neel/Documents/SPOT/retinanet/labelled_images/1855745/img/1855745_1265910.jpg,77,27,79,91,edge_of_road
/Users/Neel/Documents/SPOT/retinanet/labelled_images/1855747/img/1855747_1265950.jpg,7,41,19,221,edge_of_road
/Users/Neel/Documents/SPOT/retinanet/labelled_images/1855746/img/1855746_1265944.jpg,178,2,188,200,edge_of_road
/Users/Neel/Documents/SPOT/retinanet/labelled_images/1855744/img/1855744_1265829.jpg,195,1,196,49,edge_of_road
/Users/Neel/Documents/SPOT/retinanet/labelled_images/1855744/img/1855744_1265866.jpg,132,12,172,108,offstreet_parking_bays
/Users/Neel/Documents/SPOT/retinanet/labelled_images/1855746/img/1855746_1265865.jpg,229,235,242,256,offstreet_parking_bays
/Users/Neel/Documents/SPOT/retinanet/labelled_images/1855745/img/1855745_1265907.jpg,211,240,256,241,Driveway
/Users/Neel/Documents/SPOT/retinanet/labelled_images/1855746/img/1855746_1265922.jpg,11,216,12,254,Driveway
/Users/Neel/Documents/SPOT/retinanet/labelled_images/1855747/img/1855747_1265935.jpg,88,56,94,65,edge_of_road
/Users/Neel/Documents/SPOT/retinanet/labelled_images/1855746/img/1855746_1265858.jpg,239,135,245,208,offstreet_parking_bays
/Users/Neel/Documents/SPOT/retinanet/labelled_images/1855746/img/1855746_1265914.jpg,32,159,39,256,edge_of_road
/Users/Neel/Documents/SPOT/retinanet/labelled_images/1855746/img/1855746_1265940.jpg,21,210,22,254,edge_of_road
/Users/Neel/Documents/SPOT/retinanet/labelled_images/1855744/img/1855744_1265898.jpg,154,1,165,192,edge_of_road
/Users/Neel/Documents/SPOT/retinanet/labelled_images/1855744/img/1855744_1265972.jpg,0,140,43,144,Driveway
/Users/Neel/Documents/SPOT/retinanet/labelled_images/1855745/img/1855745_1265835.jpg,162,24,255,29,Driveway
/Users/Neel/Documents/SPOT/retinanet/labelled_images/1855744/img/1855744_1265880.jpg,25,15,29,112,edge_of_road
/Users/Neel/Documents/SPOT/retinanet/labelled_images/1855746/img/1855746_1265942.jpg,42,1,53,200,edge_of_road
/Users/Neel/Documents/SPOT/retinanet/labelled_images/1855744/img/1855744_1265860.jpg,1,98,113,255,offstreet_parking_bays
/Users/Neel/Documents/SPOT/retinanet/labelled_images/1855747/img/1855747_1265894.jpg,213,38,256,39,Driveway
/Users/Neel/Documents/SPOT/retinanet/labelled_images/1855745/img/1855745_1265932.jpg,157,225,227,229,offstreet_parking_bays
/Users/Neel/Documents/SPOT/retinanet/labelled_images/1855745/img/1855745_1265837.jpg,148,232,225,238,offstreet_parking_bays
/Users/Neel/Documents/SPOT/retinanet/labelled_images/1855745/img/1855745_1265936.jpg,177,171,209,211,edge_of_road
/Users/Neel/Documents/SPOT/retinanet/labelled_images/1855746/img/1855746_1265835.jpg,0,29,12,30,Driveway
/Users/Neel/Documents/SPOT/retinanet/labelled_images/1855744/img/1855744_1265826.jpg,141,0,155,214,edge_of_road
/Users/Neel/Documents/SPOT/retinanet/labelled_images/1855746/img/1855746_1265800.jpg,1,1,121,7,edge_of_road
/Users/Neel/Documents/SPOT/retinanet/labelled_images/1855744/img/1855744_1265794.jpg,196,137,254,138,offstreet_parking_bays
/Users/Neel/Documents/SPOT/retinanet/labelled_images/1855746/img/1855746_1265859.jpg,242,66,249,151,offstreet_parking_bays
/Users/Neel/Documents/SPOT/retinanet/labelled_images/1855746/img/1855746_1265921.jpg,181,142,200,150,edge_of_road
/Users/Neel/Documents/SPOT/retinanet/labelled_images/1855746/img/1855746_1265941.jpg,30,86,37,187,Driveway
/Users/Neel/Documents/SPOT/retinanet/labelled_images/1855746/img/1855746_1265894.jpg,2,55,202,70,edge_of_road
/Users/Neel/Documents/SPOT/retinanet/labelled_images/1855746/img/1855746_1265834.jpg,98,114,175,119,edge_of_road
/Users/Neel/Documents/SPOT/retinanet/labelled_images/1855747/img/1855747_1265793.jpg,84,54,233,57,Driveway
/Users/Neel/Documents/SPOT/retinanet/labelled_images/1855745/img/1855745_1265980.jpg,168,2,183,194,edge_of_road
/Users/Neel/Documents/SPOT/retinanet/labelled_images/1855745/img/1855745_1265933.jpg,168,174,238,179,offstreet_parking_bays
/Users/Neel/Documents/SPOT/retinanet/labelled_images/1855745/img/1855745_1265800.jpg,192,9,256,15,edge_of_road
/Users/Neel/Documents/SPOT/retinanet/labelled_images/1855747/img/1855747_1265834.jpg,202,89,256,92,edge_of_road
/Users/Neel/Documents/SPOT/retinanet/labelled_images/1855747/img/1855747_1265971.jpg,218,94,256,96,edge_of_road
/Users/Neel/Documents/SPOT/retinanet/labelled_images/1855747/img/1855747_1265859.jpg,9,69,15,146,offstreet_parking_bays
/Users/Neel/Documents/SPOT/retinanet/labelled_images/1855745/img/1855745_1265904.jpg,130,0,133,38,Driveway
/Users/Neel/Documents/SPOT/retinanet/labelled_images/1855745/img/1855745_1265793.jpg,1,75,255,88,edge_of_road
/Users/Neel/Documents/SPOT/retinanet/labelled_images/1855746/img/1855746_1265920.jpg,134,242,135,255,edge_of_road
/Users/Neel/Documents/SPOT/retinanet/labelled_images/1855747/img/1855747_1265921.jpg,3,152,89,157,edge_of_road
/Users/Neel/Documents/SPOT/retinanet/labelled_images/1855745/img/1855745_1265935.jpg,1,106,254,110,edge_of_road
/Users/Neel/Documents/SPOT/retinanet/labelled_images/1855746/img/1855746_1265979.jpg,49,221,51,254,edge_of_road
/Users/Neel/Documents/SPOT/retinanet/labelled_images/1855747/img/1855747_1265827.jpg,0,97,44,98,Driveway
/Users/Neel/Documents/SPOT/retinanet/labelled_images/1855746/img/1855746_1265866.jpg,238,43,256,73,offstreet_parking_bays
/Users/Neel/Documents/SPOT/retinanet/labelled_images/1855746/img/1855746_1265944.jpg,79,221,81,256,Driveway
/Users/Neel/Documents/SPOT/retinanet/labelled_images/1855744/img/1855744_1265821.jpg,72,26,75,68,Driveway
/Users/Neel/Documents/SPOT/retinanet/labelled_images/1855745/img/1855745_1265899.jpg,67,185,71,245,Driveway
/Users/Neel/Documents/SPOT/retinanet/labelled_images/1855747/img/1855747_1265869.jpg,64,2,74,138,offstreet_parking_bays
/Users/Neel/Documents/SPOT/retinanet/labelled_images/1855747/img/1855747_1265810.jpg,84,16,95,53,Driveway
/Users/Neel/Documents/SPOT/retinanet/labelled_images/1855747/img/1855747_1265894.jpg,0,53,15,54,Driveway
/Users/Neel/Documents/SPOT/retinanet/labelled_images/1855744/img/1855744_1265800.jpg,1,16,255,36,edge_of_road
/Users/Neel/Documents/SPOT/retinanet/labelled_images/1855747/img/1855747_1265952.jpg,35,27,46,220,edge_of_road
/Users/Neel/Documents/SPOT/retinanet/labelled_images/1855745/img/1855745_1265972.jpg,241,96,255,106,edge_of_road
/Users/Neel/Documents/SPOT/retinanet/labelled_images/1855746/img/1855746_1265799.jpg,89,109,167,114,Driveway
/Users/Neel/Documents/SPOT/retinanet/labelled_images/1855744/img/1855744_1265794.jpg,202,88,255,90,offstreet_parking_bays
/Users/Neel/Documents/SPOT/retinanet/labelled_images/1855747/img/1855747_1265894.jpg,18,40,210,52,edge_of_road
/Users/Neel/Documents/SPOT/retinanet/labelled_images/1855744/img/1855744_1265794.jpg,0,18,66,20,offstreet_parking_bays
/Users/Neel/Documents/SPOT/retinanet/labelled_images/1855745/img/1855745_1265921.jpg,238,1,243,107,edge_of_road
/Users/Neel/Documents/SPOT/retinanet/labelled_images/1855747/img/1855747_1265843.jpg,244,154,255,158,offstreet_parking_bays
/Users/Neel/Documents/SPOT/retinanet/labelled_images/1855744/img/1855744_1265971.jpg,233,167,254,169,edge_of_road
/Users/Neel/Documents/SPOT/retinanet/labelled_images/1855745/img/1855745_1265972.jpg,57,185,62,203,edge_of_road
/Users/Neel/Documents/SPOT/retinanet/labelled_images/1855747/img/1855747_1265960.jpg,38,2,51,201,edge_of_road
/Users/Neel/Documents/SPOT/retinanet/labelled_images/1855747/img/1855747_1265866.jpg,199,1,232,61,offstreet_parking_bays
/Users/Neel/Documents/SPOT/retinanet/labelled_images/1855746/img/1855746_1265926.jpg,56,1,72,255,edge_of_road
/Users/Neel/Documents/SPOT/retinanet/labelled_images/1855746/img/1855746_1265868.jpg,134,84,231,85,offstreet_parking_bays
/Users/Neel/Documents/SPOT/retinanet/labelled_images/1855747/img/1855747_1265869.jpg,145,1,156,182,offstreet_parking_bays
/Users/Neel/Documents/SPOT/retinanet/labelled_images/1855744/img/1855744_1265888.jpg,141,3,156,255,edge_of_road
/Users/Neel/Documents/SPOT/retinanet/labelled_images/1855747/img/1855747_1265955.jpg,86,138,87,197,Driveway
/Users/Neel/Documents/SPOT/retinanet/labelled_images/1855744/img/1855744_1265827.jpg,159,0,162,21,edge_of_road
/Users/Neel/Documents/SPOT/retinanet/labelled_images/1855746/img/1855746_1265945.jpg,88,207,90,254,Driveway
/Users/Neel/Documents/SPOT/retinanet/labelled_images/1855747/img/1855747_1265865.jpg,44,129,46,156,offstreet_parking_bays
/Users/Neel/Documents/SPOT/retinanet/labelled_images/1855747/img/1855747_1265838.jpg,0,107,46,148,offstreet_parking_bays
/Users/Neel/Documents/SPOT/retinanet/labelled_images/1855745/img/1855745_1265861.jpg,134,10,198,13,offstreet_parking_bays
/Users/Neel/Documents/SPOT/retinanet/labelled_images/1855744/img/1855744_1265831.jpg,239,181,246,251,edge_of_road
/Users/Neel/Documents/SPOT/retinanet/labelled_images/1855747/img/1855747_1265881.jpg,2,1,254,17,edge_of_road
/Users/Neel/Documents/SPOT/retinanet/labelled_images/1855744/img/1855744_1265890.jpg,170,17,172,68,edge_of_road
/Users/Neel/Documents/SPOT/retinanet/labelled_images/1855745/img/1855745_1265922.jpg,241,93,255,114,edge_of_road
/Users/Neel/Documents/SPOT/retinanet/labelled_images/1855744/img/1855744_1265830.jpg,53,36,54,56,edge_of_road
/Users/Neel/Documents/SPOT/retinanet/labelled_images/1855744/img/1855744_1265891.jpg,191,132,202,256,edge_of_road
/Users/Neel/Documents/SPOT/retinanet/labelled_images/1855746/img/1855746_1265943.jpg,166,89,175,254,edge_of_road
/Users/Neel/Documents/SPOT/retinanet/labelled_images/1855744/img/1855744_1265846.jpg,194,149,255,150,edge_of_road
/Users/Neel/Documents/SPOT/retinanet/labelled_images/1855745/img/1855745_1265971.jpg,118,137,255,149,edge_of_road
/Users/Neel/Documents/SPOT/retinanet/labelled_images/1855747/img/1855747_1265795.jpg,190,5,253,10,offstreet_parking_bays
/Users/Neel/Documents/SPOT/retinanet/labelled_images/1855744/img/1855744_1265895.jpg,106,45,121,253,edge_of_road
/Users/Neel/Documents/SPOT/retinanet/labelled_images/1855744/img/1855744_1265846.jpg,0,111,58,129,edge_of_road
/Users/Neel/Documents/SPOT/retinanet/labelled_images/1855745/img/1855745_1265972.jpg,62,205,66,255,edge_of_road
/Users/Neel/Documents/SPOT/retinanet/labelled_images/1855744/img/1855744_1265821.jpg,71,77,77,201,edge_of_road
/Users/Neel/Documents/SPOT/retinanet/labelled_images/1855745/img/1855745_1265936.jpg,211,213,219,231,edge_of_road
/Users/Neel/Documents/SPOT/retinanet/labelled_images/1855747/img/1855747_1265982.jpg,76,120,254,134,edge_of_road
/Users/Neel/Documents/SPOT/retinanet/labelled_images/1855744/img/1855744_1265805.jpg,5,156,9,219,offstreet_parking_bays
/Users/Neel/Documents/SPOT/retinanet/labelled_images/1855744/img/1855744_1265880.jpg,54,166,85,167,Driveway
/Users/Neel/Documents/SPOT/retinanet/labelled_images/1855746/img/1855746_1265927.jpg,73,0,91,255,edge_of_road
/Users/Neel/Documents/SPOT/retinanet/labelled_images/1855747/img/1855747_1265845.jpg,150,170,255,208,edge_of_road
/Users/Neel/Documents/SPOT/retinanet/labelled_images/1855746/img/1855746_1265915.jpg,52,158,58,255,edge_of_road
/Users/Neel/Documents/SPOT/retinanet/labelled_images/1855746/img/1855746_1265939.jpg,2,85,12,256,edge_of_road
/Users/Neel/Documents/SPOT/retinanet/labelled_images/1855746/img/1855746_1265915.jpg,46,89,50,155,Driveway
/Users/Neel/Documents/SPOT/retinanet/labelled_images/1855746/img/1855746_1265932.jpg,147,0,161,255,edge_of_road
/Users/Neel/Documents/SPOT/retinanet/labelled_images/1855746/img/1855746_1265982.jpg,73,166,101,182,edge_of_road
/Users/Neel/Documents/SPOT/retinanet/labelled_images/1855746/img/1855746_1265834.jpg,2,122,16,123,edge_of_road
/Users/Neel/Documents/SPOT/retinanet/labelled_images/1855744/img/1855744_1265828.jpg,10,115,21,134,edge_of_road
/Users/Neel/Documents/SPOT/retinanet/labelled_images/1855746/img/1855746_1265934.jpg,201,149,207,230,edge_of_road
/Users/Neel/Documents/SPOT/retinanet/labelled_images/1855747/img/1855747_1265934.jpg,57,118,82,141,edge_of_road
/Users/Neel/Documents/SPOT/retinanet/labelled_images/1855745/img/1855745_1265846.jpg,106,108,171,127,edge_of_road
/Users/Neel/Documents/SPOT/retinanet/labelled_images/1855745/img/1855745_1265922.jpg,203,67,239,92,edge_of_road
/Users/Neel/Documents/SPOT/retinanet/labelled_images/1855746/img/1855746_1265865.jpg,127,242,136,255,offstreet_parking_bays
/Users/Neel/Documents/SPOT/retinanet/labelled_images/1855744/img/1855744_1265982.jpg,177,59,255,64,edge_of_road
/Users/Neel/Documents/SPOT/retinanet/labelled_images/1855747/img/1855747_1265795.jpg,16,231,82,234,offstreet_parking_bays
/Users/Neel/Documents/SPOT/retinanet/labelled_images/1855746/img/1855746_1265952.jpg,177,6,186,255,edge_of_road
/Users/Neel/Documents/SPOT/retinanet/labelled_images/1855744/img/1855744_1265827.jpg,171,44,185,71,Driveway
/Users/Neel/Documents/SPOT/retinanet/labelled_images/1855744/img/1855744_1265894.jpg,88,33,93,70,Driveway
/Users/Neel/Documents/SPOT/retinanet/labelled_images/1855746/img/1855746_1265972.jpg,1,88,29,98,edge_of_road
/Users/Neel/Documents/SPOT/retinanet/labelled_images/1855745/img/1855745_1265921.jpg,197,157,226,166,edge_of_road
/Users/Neel/Documents/SPOT/retinanet/labelled_images/1855746/img/1855746_1265914.jpg,22,2,27,92,edge_of_road
/Users/Neel/Documents/SPOT/retinanet/labelled_images/1855744/img/1855744_1265883.jpg,64,43,68,105,Driveway
/Users/Neel/Documents/SPOT/retinanet/labelled_images/1855744/img/1855744_1265822.jpg,83,1,89,90,Driveway
/Users/Neel/Documents/SPOT/retinanet/labelled_images/1855747/img/1855747_1265859.jpg,145,148,227,221,offstreet_parking_bays
/Users/Neel/Documents/SPOT/retinanet/labelled_images/1855747/img/1855747_1265865.jpg,46,149,144,155,offstreet_parking_bays
/Users/Neel/Documents/SPOT/retinanet/labelled_images/1855745/img/1855745_1265976.jpg,111,1,119,104,edge_of_road
/Users/Neel/Documents/SPOT/retinanet/labelled_images/1855744/img/1855744_1265879.jpg,10,1,11,23,Driveway
/Users/Neel/Documents/SPOT/retinanet/labelled_images/1855747/img/1855747_1265810.jpg,196,0,222,162,edge_of_road
/Users/Neel/Documents/SPOT/retinanet/labelled_images/1855746/img/1855746_1265859.jpg,166,161,249,235,offstreet_parking_bays
/Users/Neel/Documents/SPOT/retinanet/labelled_images/1855746/img/1855746_1265927.jpg,226,1,241,255,edge_of_road
/Users/Neel/Documents/SPOT/retinanet/labelled_images/1855745/img/1855745_1265904.jpg,147,223,150,255,edge_of_road
/Users/Neel/Documents/SPOT/retinanet/labelled_images/1855747/img/1855747_1265922.jpg,109,28,255,36,edge_of_road
/Users/Neel/Documents/SPOT/retinanet/labelled_images/1855745/img/1855745_1265932.jpg,155,185,225,186,offstreet_parking_bays
/Users/Neel/Documents/SPOT/retinanet/labelled_images/1855747/img/1855747_1265845.jpg,41,209,148,255,edge_of_road
/Users/Neel/Documents/SPOT/retinanet/labelled_images/1855745/img/1855745_1265977.jpg,137,196,142,253,edge_of_road
/Users/Neel/Documents/SPOT/retinanet/labelled_images/1855745/img/1855745_1265932.jpg,151,167,221,171,offstreet_parking_bays
/Users/Neel/Documents/SPOT/retinanet/labelled_images/1855744/img/1855744_1265830.jpg,55,128,56,157,edge_of_road
/Users/Neel/Documents/SPOT/retinanet/labelled_images/1855746/img/1855746_1265936.jpg,98,158,125,189,Driveway
/Users/Neel/Documents/SPOT/retinanet/labelled_images/1855746/img/1855746_1265982.jpg,124,205,134,228,edge_of_road
/Users/Neel/Documents/SPOT/retinanet/labelled_images/1855746/img/1855746_1265936.jpg,90,193,98,207,edge_of_road
/Users/Neel/Documents/SPOT/retinanet/labelled_images/1855746/img/1855746_1265859.jpg,204,70,209,151,offstreet_parking_bays
/Users/Neel/Documents/SPOT/retinanet/labelled_images/1855746/img/1855746_1265920.jpg,130,188,134,239,Driveway
/Users/Neel/Documents/SPOT/retinanet/labelled_images/1855746/img/1855746_1265881.jpg,0,27,70,31,edge_of_road
/Users/Neel/Documents/SPOT/retinanet/labelled_images/1855744/img/1855744_1265902.jpg,221,226,222,254,Driveway
/Users/Neel/Documents/SPOT/retinanet/labelled_images/1855747/img/1855747_1265931.jpg,31,44,34,118,Driveway
/Users/Neel/Documents/SPOT/retinanet/labelled_images/1855747/img/1855747_1265843.jpg,250,194,255,197,offstreet_parking_bays
/Users/Neel/Documents/SPOT/retinanet/labelled_images/1855744/img/1855744_1265881.jpg,106,46,254,55,edge_of_road
/Users/Neel/Documents/SPOT/retinanet/labelled_images/1855747/img/1855747_1265955.jpg,74,2,85,135,edge_of_road
/Users/Neel/Documents/SPOT/retinanet/labelled_images/1855746/img/1855746_1265925.jpg,192,0,210,254,edge_of_road
/Users/Neel/Documents/SPOT/retinanet/labelled_images/1855744/img/1855744_1265965.jpg,1,82,206,94,edge_of_road
/Users/Neel/Documents/SPOT/retinanet/labelled_images/1855746/img/1855746_1265921.jpg,142,95,157,123,edge_of_road
/Users/Neel/Documents/SPOT/retinanet/labelled_images/1855745/img/1855745_1265837.jpg,136,85,216,88,offstreet_parking_bays
/Users/Neel/Documents/SPOT/retinanet/labelled_images/1855745/img/1855745_1265921.jpg,47,176,103,179,Driveway
/Users/Neel/Documents/SPOT/retinanet/labelled_images/1855745/img/1855745_1265865.jpg,76,160,80,185,offstreet_parking_bays
/Users/Neel/Documents/SPOT/retinanet/labelled_images/1855744/img/1855744_1265921.jpg,104,186,210,193,Driveway
/Users/Neel/Documents/SPOT/retinanet/labelled_images/1855744/img/1855744_1265890.jpg,176,125,188,254,edge_of_road
/Users/Neel/Documents/SPOT/retinanet/labelled_images/1855745/img/1855745_1265846.jpg,174,74,256,106,edge_of_road
/Users/Neel/Documents/SPOT/retinanet/labelled_images/1855747/img/1855747_1265933.jpg,63,76,73,255,edge_of_road
/Users/Neel/Documents/SPOT/retinanet/labelled_images/1855747/img/1855747_1265953.jpg,49,2,50,28,Driveway
/Users/Neel/Documents/SPOT/retinanet/labelled_images/1855745/img/1855745_1265907.jpg,2,252,14,255,Driveway
/Users/Neel/Documents/SPOT/retinanet/labelled_images/1855744/img/1855744_1265885.jpg,102,151,112,254,edge_of_road
/Users/Neel/Documents/SPOT/retinanet/labelled_images/1855747/img/1855747_1265932.jpg,50,105,53,185,edge_of_road
/Users/Neel/Documents/SPOT/retinanet/labelled_images/1855746/img/1855746_1265858.jpg,151,135,155,220,offstreet_parking_bays
/Users/Neel/Documents/SPOT/retinanet/labelled_images/1855744/img/1855744_1265887.jpg,125,20,130,143,Driveway
/Users/Neel/Documents/SPOT/retinanet/labelled_images/1855746/img/1855746_1265858.jpg,108,138,114,223,offstreet_parking_bays
/Users/Neel/Documents/SPOT/retinanet/labelled_images/1855747/img/1855747_1265959.jpg,135,3,142,133,edge_of_road
/Users/Neel/Documents/SPOT/retinanet/labelled_images/1855746/img/1855746_1265859.jpg,222,156,255,187,offstreet_parking_bays
/Users/Neel/Documents/SPOT/retinanet/labelled_images/1855744/img/1855744_1265817.jpg,8,1,14,201,edge_of_road
/Users/Neel/Documents/SPOT/retinanet/labelled_images/1855746/img/1855746_1265926.jpg,208,1,228,256,edge_of_road
/Users/Neel/Documents/SPOT/retinanet/labelled_images/1855746/img/1855746_1265922.jpg,8,128,11,214,edge_of_road
/Users/Neel/Documents/SPOT/retinanet/labelled_images/1855744/img/1855744_1265892.jpg,200,1,202,46,Driveway
/Users/Neel/Documents/SPOT/retinanet/labelled_images/1855746/img/1855746_1265846.jpg,0,15,255,131,edge_of_road
/Users/Neel/Documents/SPOT/retinanet/labelled_images/1855744/img/1855744_1265819.jpg,36,2,39,38,Driveway
/Users/Neel/Documents/SPOT/retinanet/labelled_images/1855745/img/1855745_1265845.jpg,1,159,57,170,edge_of_road
/Users/Neel/Documents/SPOT/retinanet/labelled_images/1855744/img/1855744_1265883.jpg,69,109,77,253,edge_of_road
/Users/Neel/Documents/SPOT/retinanet/labelled_images/1855746/img/1855746_1265858.jpg,198,133,199,222,offstreet_parking_bays
/Users/Neel/Documents/SPOT/retinanet/labelled_images/1855746/img/1855746_1265913.jpg,7,1,8,18,edge_of_road
/Users/Neel/Documents/SPOT/retinanet/labelled_images/1855746/img/1855746_1265941.jpg,28,0,31,80,edge_of_road
/Users/Neel/Documents/SPOT/retinanet/labelled_images/1855745/img/1855745_1265901.jpg,96,170,99,225,Driveway
/Users/Neel/Documents/SPOT/retinanet/labelled_images/1855744/img/1855744_1265866.jpg,30,22,72,120,offstreet_parking_bays
/Users/Neel/Documents/SPOT/retinanet/labelled_images/1855744/img/1855744_1265793.jpg,0,92,254,109,edge_of_road
/Users/Neel/Documents/SPOT/retinanet/labelled_images/1855744/img/1855744_1265821.jpg,79,204,82,254,Driveway
/Users/Neel/Documents/SPOT/retinanet/labelled_images/1855745/img/1855745_1265865.jpg,79,174,255,185,offstreet_parking_bays
/Users/Neel/Documents/SPOT/retinanet/labelled_images/1855744/img/1855744_1265892.jpg,201,52,211,255,edge_of_road
/Users/Neel/Documents/SPOT/retinanet/labelled_images/1855747/img/1855747_1265972.jpg,10,61,71,67,Driveway
/Users/Neel/Documents/SPOT/retinanet/labelled_images/1855744/img/1855744_1265894.jpg,243,67,255,77,Driveway
/Users/Neel/Documents/SPOT/retinanet/labelled_images/1855744/img/1855744_1265889.jpg,19,66,22,126,Driveway
/Users/Neel/Documents/SPOT/retinanet/labelled_images/1855747/img/1855747_1265908.jpg,2,111,106,118,edge_of_road
/Users/Neel/Documents/SPOT/retinanet/labelled_images/1855746/img/1855746_1265978.jpg,30,149,33,195,Driveway
/Users/Neel/Documents/SPOT/retinanet/labelled_images/1855747/img/1855747_1265832.jpg,235,0,251,255,edge_of_road
/Users/Neel/Documents/SPOT/retinanet/labelled_images/1855746/img/1855746_1265922.jpg,156,136,160,202,edge_of_road
/Users/Neel/Documents/SPOT/retinanet/labelled_images/1855745/img/1855745_1265866.jpg,124,0,177,96,offstreet_parking_bays
/Users/Neel/Documents/SPOT/retinanet/labelled_images/1855747/img/1855747_1265894.jpg,20,177,208,188,edge_of_road
/Users/Neel/Documents/SPOT/retinanet/labelled_images/1855747/img/1855747_1265958.jpg,127,123,132,170,Driveway
/Users/Neel/Documents/SPOT/retinanet/labelled_images/1855745/img/1855745_1265936.jpg,134,146,175,169,edge_of_road
/Users/Neel/Documents/SPOT/retinanet/labelled_images/1855746/img/1855746_1265919.jpg,113,190,119,250,Driveway
/Users/Neel/Documents/SPOT/retinanet/labelled_images/1855747/img/1855747_1265812.jpg,70,166,80,221,edge_of_road
/Users/Neel/Documents/SPOT/retinanet/labelled_images/1855745/img/1855745_1265858.jpg,81,154,84,224,offstreet_parking_bays
/Users/Neel/Documents/SPOT/retinanet/labelled_images/1855746/img/1855746_1265933.jpg,170,63,173,160,Driveway
/Users/Neel/Documents/SPOT/retinanet/labelled_images/1855744/img/1855744_1265859.jpg,185,102,190,187,offstreet_parking_bays
/Users/Neel/Documents/SPOT/retinanet/labelled_images/1855745/img/1855745_1265933.jpg,162,51,231,56,offstreet_parking_bays
/Users/Neel/Documents/SPOT/retinanet/labelled_images/1855747/img/1855747_1265965.jpg,131,236,157,255,edge_of_road
/Users/Neel/Documents/SPOT/retinanet/labelled_images/1855746/img/1855746_1265978.jpg,21,1,30,146,edge_of_road
/Users/Neel/Documents/SPOT/retinanet/labelled_images/1855746/img/1855746_1265981.jpg,73,192,81,217,edge_of_road
/Users/Neel/Documents/SPOT/retinanet/labelled_images/1855746/img/1855746_1265866.jpg,26,0,76,83,offstreet_parking_bays
/Users/Neel/Documents/SPOT/retinanet/labelled_images/1855746/img/1855746_1265982.jpg,103,184,120,202,edge_of_road
/Users/Neel/Documents/SPOT/retinanet/labelled_images/1855746/img/1855746_1265977.jpg,7,1,12,121,edge_of_road
/Users/Neel/Documents/SPOT/retinanet/labelled_images/1855745/img/1855745_1265880.jpg,0,154,75,157,edge_of_road
/Users/Neel/Documents/SPOT/retinanet/labelled_images/1855745/img/1855745_1265896.jpg,10,1,27,254,edge_of_road
/Users/Neel/Documents/SPOT/retinanet/labelled_images/1855747/img/1855747_1265793.jpg,1,57,83,65,edge_of_road
/Users/Neel/Documents/SPOT/retinanet/labelled_images/1855746/img/1855746_1265940.jpg,125,131,134,256,edge_of_road
/Users/Neel/Documents/SPOT/retinanet/labelled_images/1855746/img/1855746_1265945.jpg,192,19,203,254,edge_of_road
/Users/Neel/Documents/SPOT/retinanet/labelled_images/1855747/img/1855747_1265922.jpg,62,23,106,36,edge_of_road
/Users/Neel/Documents/SPOT/retinanet/labelled_images/1855746/img/1855746_1265948.jpg,234,1,240,63,Driveway
/Users/Neel/Documents/SPOT/retinanet/labelled_images/1855745/img/1855745_1265978.jpg,150,141,154,208,Driveway
/Users/Neel/Documents/SPOT/retinanet/labelled_images/1855745/img/1855745_1265977.jpg,130,3,134,126,edge_of_road
/Users/Neel/Documents/SPOT/retinanet/labelled_images/1855747/img/1855747_1265830.jpg,1,2,20,252,edge_of_road
/Users/Neel/Documents/SPOT/retinanet/labelled_images/1855745/img/1855745_1265837.jpg,144,183,224,184,offstreet_parking_bays
/Users/Neel/Documents/SPOT/retinanet/labelled_images/1855745/img/1855745_1265833.jpg,21,240,24,256,Driveway
/Users/Neel/Documents/SPOT/retinanet/labelled_images/1855744/img/1855744_1265805.jpg,49,21,55,106,offstreet_parking_bays
/Users/Neel/Documents/SPOT/retinanet/labelled_images/1855746/img/1855746_1265929.jpg,101,2,116,256,edge_of_road
/Users/Neel/Documents/SPOT/retinanet/labelled_images/1855746/img/1855746_1265894.jpg,218,189,255,191,Driveway
/Users/Neel/Documents/SPOT/retinanet/labelled_images/1855744/img/1855744_1265935.jpg,0,111,254,119,edge_of_road
/Users/Neel/Documents/SPOT/retinanet/labelled_images/1855747/img/1855747_1265958.jpg,10,131,13,190,Driveway
/Users/Neel/Documents/SPOT/retinanet/labelled_images/1855747/img/1855747_1265811.jpg,169,3,192,254,edge_of_road
/Users/Neel/Documents/SPOT/retinanet/labelled_images/1855745/img/1855745_1265859.jpg,69,182,153,255,offstreet_parking_bays
/Users/Neel/Documents/SPOT/retinanet/labelled_images/1855746/img/1855746_1265943.jpg,162,2,163,24,edge_of_road
/Users/Neel/Documents/SPOT/retinanet/labelled_images/1855744/img/1855744_1265894.jpg,0,233,49,234,edge_of_road
/Users/Neel/Documents/SPOT/retinanet/labelled_images/1855746/img/1855746_1265953.jpg,191,2,201,157,edge_of_road
/Users/Neel/Documents/SPOT/retinanet/labelled_images/1855747/img/1855747_1265794.jpg,176,92,256,94,offstreet_parking_bays
/Users/Neel/Documents/SPOT/retinanet/labelled_images/1855747/img/1855747_1265795.jpg,1,26,69,30,offstreet_parking_bays
/Users/Neel/Documents/SPOT/retinanet/labelled_images/1855744/img/1855744_1265887.jpg,132,144,141,255,edge_of_road
/Users/Neel/Documents/SPOT/retinanet/labelled_images/1855746/img/1855746_1265934.jpg,203,233,208,255,edge_of_road
/Users/Neel/Documents/SPOT/retinanet/labelled_images/1855747/img/1855747_1265956.jpg,98,131,104,192,Driveway
/Users/Neel/Documents/SPOT/retinanet/labelled_images/1855744/img/1855744_1265904.jpg,236,1,238,46,Driveway
/Users/Neel/Documents/SPOT/retinanet/labelled_images/1855747/img/1855747_1265931.jpg,35,123,44,255,edge_of_road
/Users/Neel/Documents/SPOT/retinanet/labelled_images/1855745/img/1855745_1265901.jpg,99,229,101,255,edge_of_road
/Users/Neel/Documents/SPOT/retinanet/labelled_images/1855745/img/1855745_1265920.jpg,222,2,232,191,edge_of_road
/Users/Neel/Documents/SPOT/retinanet/labelled_images/1855745/img/1855745_1265918.jpg,194,1,199,59,edge_of_road
/Users/Neel/Documents/SPOT/retinanet/labelled_images/1855744/img/1855744_1265936.jpg,0,140,255,149,edge_of_road
/Users/Neel/Documents/SPOT/retinanet/labelled_images/1855745/img/1855745_1265900.jpg,84,177,87,242,Driveway
/Users/Neel/Documents/SPOT/retinanet/labelled_images/1855744/img/1855744_1265804.jpg,79,73,85,153,offstreet_parking_bays
/Users/Neel/Documents/SPOT/retinanet/labelled_images/1855746/img/1855746_1265980.jpg,53,0,67,232,edge_of_road
/Users/Neel/Documents/SPOT/retinanet/labelled_images/1855744/img/1855744_1265903.jpg,221,1,236,255,edge_of_road
/Users/Neel/Documents/SPOT/retinanet/labelled_images/1855744/img/1855744_1265829.jpg,46,159,50,221,edge_of_road
/Users/Neel/Documents/SPOT/retinanet/labelled_images/1855747/img/1855747_1265982.jpg,33,135,73,159,edge_of_road
/Users/Neel/Documents/SPOT/retinanet/labelled_images/1855746/img/1855746_1265934.jpg,178,3,188,131,edge_of_road
/Users/Neel/Documents/SPOT/retinanet/labelled_images/1855746/img/1855746_1265936.jpg,207,126,253,128,edge_of_road
/Users/Neel/Documents/SPOT/retinanet/labelled_images/1855744/img/1855744_1265824.jpg,115,0,130,253,edge_of_road
/Users/Neel/Documents/SPOT/retinanet/labelled_images/1855747/img/1855747_1265907.jpg,236,211,251,212,Driveway
/Users/Neel/Documents/SPOT/retinanet/labelled_images/1855745/img/1855745_1265910.jpg,237,220,240,253,edge_of_road
/Users/Neel/Documents/SPOT/retinanet/labelled_images/1855747/img/1855747_1265966.jpg,158,1,207,34,edge_of_road
/Users/Neel/Documents/SPOT/retinanet/labelled_images/1855744/img/1855744_1265805.jpg,54,148,56,213,offstreet_parking_bays
/Users/Neel/Documents/SPOT/retinanet/labelled_images/1855747/img/1855747_1265795.jpg,15,190,80,194,offstreet_parking_bays
/Users/Neel/Documents/SPOT/retinanet/labelled_images/1855746/img/1855746_1265977.jpg,16,185,21,254,edge_of_road
/Users/Neel/Documents/SPOT/retinanet/labelled_images/1855746/img/1855746_1265936.jpg,78,208,89,255,edge_of_road
/Users/Neel/Documents/SPOT/retinanet/labelled_images/1855746/img/1855746_1265923.jpg,164,1,179,255,edge_of_road
/Users/Neel/Documents/SPOT/retinanet/labelled_images/1855745/img/1855745_1265921.jpg,238,110,241,138,edge_of_road
/Users/Neel/Documents/SPOT/retinanet/labelled_images/1855746/img/1855746_1265936.jpg,130,134,160,154,edge_of_road
/Users/Neel/Documents/SPOT/retinanet/labelled_images/1855744/img/1855744_1265883.jpg,63,0,65,42,edge_of_road
/Users/Neel/Documents/SPOT/retinanet/labelled_images/1855746/img/1855746_1265868.jpg,142,148,238,150,offstreet_parking_bays
/Users/Neel/Documents/SPOT/retinanet/labelled_images/1855744/img/1855744_1265805.jpg,101,146,104,212,offstreet_parking_bays
/Users/Neel/Documents/SPOT/retinanet/labelled_images/1855745/img/1855745_1265981.jpg,188,239,199,255,edge_of_road
/Users/Neel/Documents/SPOT/retinanet/labelled_images/1855747/img/1855747_1265810.jpg,54,57,96,256,edge_of_road
/Users/Neel/Documents/SPOT/retinanet/labelled_images/1855746/img/1855746_1265941.jpg,132,3,134,50,edge_of_road
/Users/Neel/Documents/SPOT/retinanet/labelled_images/1855747/img/1855747_1265859.jpg,203,143,254,190,offstreet_parking_bays
/Users/Neel/Documents/SPOT/retinanet/labelled_images/1855747/img/1855747_1265908.jpg,177,103,255,105,edge_of_road
/Users/Neel/Documents/SPOT/retinanet/labelled_images/1855746/img/1855746_1265942.jpg,153,101,164,253,edge_of_road
/Users/Neel/Documents/SPOT/retinanet/labelled_images/1855747/img/1855747_1265922.jpg,22,23,56,29,edge_of_road
/Users/Neel/Documents/SPOT/retinanet/labelled_images/1855747/img/1855747_1265812.jpg,211,202,252,254,edge_of_road
/Users/Neel/Documents/SPOT/retinanet/labelled_images/1855745/img/1855745_1265921.jpg,2,181,41,182,edge_of_road
/Users/Neel/Documents/SPOT/retinanet/labelled_images/1855746/img/1855746_1265945.jpg,81,35,89,204,edge_of_road
/Users/Neel/Documents/SPOT/retinanet/labelled_images/1855745/img/1855745_1265943.jpg,0,97,256,112,edge_of_road
/Users/Neel/Documents/SPOT/retinanet/labelled_images/1855745/img/1855745_1265866.jpg,228,40,256,89,offstreet_parking_bays
/Users/Neel/Documents/SPOT/retinanet/labelled_images/1855745/img/1855745_1265835.jpg,1,38,61,41,Driveway
/Users/Neel/Documents/SPOT/retinanet/labelled_images/1855746/img/1855746_1265866.jpg,0,1,24,40,offstreet_parking_bays
/Users/Neel/Documents/SPOT/retinanet/labelled_images/1855746/img/1855746_1265982.jpg,0,156,43,158,edge_of_road
/Users/Neel/Documents/SPOT/retinanet/labelled_images/1855746/img/1855746_1265956.jpg,232,0,234,49,edge_of_road
/Users/Neel/Documents/SPOT/retinanet/labelled_images/1855747/img/1855747_1265921.jpg,175,141,253,145,edge_of_road
/Users/Neel/Documents/SPOT/retinanet/labelled_images/1855744/img/1855744_1265943.jpg,0,112,255,124,edge_of_road
/Users/Neel/Documents/SPOT/retinanet/labelled_images/1855745/img/1855745_1265909.jpg,58,1,69,187,edge_of_road
/Users/Neel/Documents/SPOT/retinanet/labelled_images/1855746/img/1855746_1265933.jpg,167,3,170,55,edge_of_road
/Users/Neel/Documents/SPOT/retinanet/labelled_images/1855746/img/1855746_1265867.jpg,2,88,255,106,edge_of_road
/Users/Neel/Documents/SPOT/retinanet/labelled_images/1855747/img/1855747_1265954.jpg,62,5,71,140,edge_of_road
/Users/Neel/Documents/SPOT/retinanet/labelled_images/1855744/img/1855744_1265820.jpg,52,31,56,88,Driveway
/Users/Neel/Documents/SPOT/retinanet/labelled_images/1855745/img/1855745_1265916.jpg,172,148,178,255,edge_of_road
/Users/Neel/Documents/SPOT/retinanet/labelled_images/1855745/img/1855745_1265936.jpg,2,136,86,138,edge_of_road
/Users/Neel/Documents/SPOT/retinanet/labelled_images/1855744/img/1855744_1265972.jpg,246,128,256,132,edge_of_road
/Users/Neel/Documents/SPOT/retinanet/labelled_images/1855744/img/1855744_1265971.jpg,159,174,182,175,edge_of_road
/Users/Neel/Documents/SPOT/retinanet/labelled_images/1855745/img/1855745_1265859.jpg,243,169,256,180,offstreet_parking_bays
/Users/Neel/Documents/SPOT/retinanet/labelled_images/1855746/img/1855746_1265827.jpg,4,102,232,112,edge_of_road
/Users/Neel/Documents/SPOT/retinanet/labelled_images/1855745/img/1855745_1265834.jpg,92,113,150,125,edge_of_road
/Users/Neel/Documents/SPOT/retinanet/labelled_images/1855744/img/1855744_1265861.jpg,179,0,202,27,offstreet_parking_bays
/Users/Neel/Documents/SPOT/retinanet/labelled_images/1855747/img/1855747_1265932.jpg,46,2,49,37,edge_of_road
/Users/Neel/Documents/SPOT/retinanet/labelled_images/1855747/img/1855747_1265796.jpg,203,4,256,9,offstreet_parking_bays
/Users/Neel/Documents/SPOT/retinanet/labelled_images/1855746/img/1855746_1265983.jpg,140,1,153,50,edge_of_road
/Users/Neel/Documents/SPOT/retinanet/labelled_images/1855744/img/1855744_1265971.jpg,59,181,93,183,edge_of_road
/Users/Neel/Documents/SPOT/retinanet/labelled_images/1855746/img/1855746_1265835.jpg,13,21,154,28,edge_of_road
/Users/Neel/Documents/SPOT/retinanet/labelled_images/1855746/img/1855746_1265907.jpg,1,234,151,246,edge_of_road
/Users/Neel/Documents/SPOT/retinanet/labelled_images/1855746/img/1855746_1265982.jpg,112,2,138,22,edge_of_road
/Users/Neel/Documents/SPOT/retinanet/labelled_images/1855745/img/1855745_1265912.jpg,102,2,109,115,edge_of_road
/Users/Neel/Documents/SPOT/retinanet/labelled_images/1855744/img/1855744_1265861.jpg,45,1,69,35,offstreet_parking_bays
/Users/Neel/Documents/SPOT/retinanet/labelled_images/1855747/img/1855747_1265842.jpg,250,134,256,136,offstreet_parking_bays
/Users/Neel/Documents/SPOT/retinanet/labelled_images/1855745/img/1855745_1265914.jpg,138,90,143,215,Driveway
/Users/Neel/Documents/SPOT/retinanet/labelled_images/1855747/img/1855747_1265934.jpg,72,1,83,118,edge_of_road
/Users/Neel/Documents/SPOT/retinanet/labelled_images/1855744/img/1855744_1265832.jpg,93,205,94,254,Driveway
/Users/Neel/Documents/SPOT/retinanet/labelled_images/1855745/img/1855745_1265901.jpg,87,0,96,168,edge_of_road
/Users/Neel/Documents/SPOT/retinanet/labelled_images/1855744/img/1855744_1265846.jpg,60,129,125,144,edge_of_road
/Users/Neel/Documents/SPOT/retinanet/labelled_images/1855746/img/1855746_1265928.jpg,239,0,253,252,edge_of_road
/Users/Neel/Documents/SPOT/retinanet/labelled_images/1855745/img/1855745_1265905.jpg,1,40,9,254,edge_of_road
/Users/Neel/Documents/SPOT/retinanet/labelled_images/1855745/img/1855745_1265979.jpg,168,203,171,255,Driveway
/Users/Neel/Documents/SPOT/retinanet/labelled_images/1855745/img/1855745_1265981.jpg,188,0,206,209,edge_of_road
/Users/Neel/Documents/SPOT/retinanet/labelled_images/1855747/img/1855747_1265965.jpg,195,53,255,81,edge_of_road
/Users/Neel/Documents/SPOT/retinanet/labelled_images/1855747/img/1855747_1265812.jpg,192,1,210,202,edge_of_road
/Users/Neel/Documents/SPOT/retinanet/labelled_images/1855745/img/1855745_1265905.jpg,148,2,152,61,Driveway
/Users/Neel/Documents/SPOT/retinanet/labelled_images/1855746/img/1855746_1265944.jpg,187,203,193,253,Driveway
/Users/Neel/Documents/SPOT/retinanet/labelled_images/1855747/img/1855747_1265813.jpg,95,1,250,203,edge_of_road
/Users/Neel/Documents/SPOT/retinanet/labelled_images/1855744/img/1855744_1265881.jpg,1,57,35,58,edge_of_road
/Users/Neel/Documents/SPOT/retinanet/labelled_images/1855746/img/1855746_1265982.jpg,141,22,168,27,edge_of_road
/Users/Neel/Documents/SPOT/retinanet/labelled_images/1855744/img/1855744_1265829.jpg,205,220,206,237,edge_of_road
/Users/Neel/Documents/SPOT/retinanet/labelled_images/1855745/img/1855745_1265919.jpg,228,140,236,254,edge_of_road
/Users/Neel/Documents/SPOT/retinanet/labelled_images/1855745/img/1855745_1265859.jpg,9,94,16,183,offstreet_parking_bays
/Users/Neel/Documents/SPOT/retinanet/labelled_images/1855746/img/1855746_1265979.jpg,40,3,44,160,edge_of_road
/Users/Neel/Documents/SPOT/retinanet/labelled_images/1855747/img/1855747_1265796.jpg,206,48,254,51,offstreet_parking_bays
/Users/Neel/Documents/SPOT/retinanet/labelled_images/1855747/img/1855747_1265959.jpg,141,135,145,192,Driveway
/Users/Neel/Documents/SPOT/retinanet/labelled_images/1855744/img/1855744_1265859.jpg,62,110,68,194,offstreet_parking_bays
/Users/Neel/Documents/SPOT/retinanet/labelled_images/1855744/img/1855744_1265794.jpg,0,140,72,144,offstreet_parking_bays
/Users/Neel/Documents/SPOT/retinanet/labelled_images/1855746/img/1855746_1265894.jpg,205,54,255,55,Driveway
/Users/Neel/Documents/SPOT/retinanet/labelled_images/1855746/img/1855746_1265921.jpg,135,0,141,89,edge_of_road
/Users/Neel/Documents/SPOT/retinanet/labelled_images/1855747/img/1855747_1265859.jpg,0,187,49,230,offstreet_parking_bays
/Users/Neel/Documents/SPOT/retinanet/labelled_images/1855746/img/1855746_1265933.jpg,79,59,87,157,Driveway
/Users/Neel/Documents/SPOT/retinanet/labelled_images/1855745/img/1855745_1265974.jpg,220,0,231,255,edge_of_road
/Users/Neel/Documents/SPOT/retinanet/labelled_images/1855744/img/1855744_1265972.jpg,224,124,242,127,edge_of_road
